installments,fee_revenue
1,154354400.868207
2,88033025.370541
3,108970114.475106
4,85816529.45831099
5,80824678.79068899
6,86540650.169617
7,22199189.830684
8,40443933.037134
9,12334551.056123
10,227420402.29918802
11,5164638.572041
12,185768926.34292
