product,avg,median,mode,n
pix,3491866.922538787,1699874.77,35.0,709
pos,720951.3790235366,47860.17,800.0,11429
tap,471341.9154120485,28988.39,1000.0,13263
link,203520.7032814852,31266.21,500.0,11958
bank_slip,98223.03857476635,21928.03,189.0,428
