weekday,tpv,transactions,avg_ticket
Monday,3148242225.09,19420618.0,162.10824110180224
Tuesday,2841468437.3999996,18478617.0,153.77062241183955
Wednesday,3006958527.7699995,19885464.0,151.21389814037025
Thursday,3310833592.5,21434463.0,154.46309956540549
Friday,3239200237.92,24605612.0,131.6447742864514
Saturday,2522625352.9,26211985.0,96.23938640663803
Sunday,1373306439.8200002,16459344.0,83.43628031712565
