entity,anticipation_method,tpv,transactions,avg_ticket
PF,bank_slip,15037481.05,23940.0,628.1320405179616
PF,d0/nitro,2947399805.1800003,13789636.0,213.74021802896033
PF,d1anticipation,2764546514.24,6476673.0,426.8467026573674
PF,pix,244832108.4,2563595.0,95.50342717941017
PJ,bank_slip,27001979.46,32733.0,824.9161231784439
PJ,d0/nitro,1265208676.52,12360204.0,102.36147206955484
PJ,d1anticipation,9947706708.869999,69131842.0,143.8947150991579
PJ,pix,2230901539.68,42117480.0,52.96854274472261
