entity,hhi_payment_method,hhi_product
PF,0.8081888260234253,0.6368892747862397
PJ,0.5070029473680064,0.4232328814850599
