entity,p50,p75,p90,p95,p99
PF,7478.3,286357.485,1337605.2780000025,2392241.003,5818401.9860000005
PJ,63902.515,341248.79,1389022.4960000005,2387545.5624999967,8705996.011499962
