payment_method,avg,median,mode,n
pix,3491866.922538787,1699874.77,35.0,709
debit,984567.0314776768,25948.47,20.0,2531
credit,423017.16193733696,35929.38,1000.0,34119
bank_slip,98223.03857476635,21928.03,189.0,428
