entity,avg,median,mode,n
PF,441604.37098794646,7478.3,1000.0,13523
PJ,555177.172128668,63902.515,1000.0,24264
