weekday,tpv,share
Friday,175102860.65,0.1748615892608049
Thursday,172404358.59,0.1721668054229878
Monday,170305375.31,0.1700707142979759
Wednesday,157275065.76,0.15705835899998014
Tuesday,148698206.66,0.14849331781490344
Saturday,132655036.28999999,0.1324722530689229
Sunday,44938881.69,0.044876961134424985
