payment_method,tpv,share
credit,722267125.04,0.7212719248931749
debit,142101234.22,0.141905435236138
pix,136138919.27,0.13595133566311965
bank_slip,872506.42,0.0008713042075675268
