payment_method,tpv,share
credit,11543961980.09,0.7571986215137226
pix,1882286497.61,0.12346408830368247
debit,1780344987.22,0.11677747834468702
bank_slip,39025916.97,0.0025598118379078906
