anticipation_method,tpv,share
d1anticipation,9255411123.95,0.6070865926867057
d0/nitro,4068895843.36,0.26688950717170395
pix,1882286497.61,0.12346408830368245
bank_slip,39025916.97,0.00255981183790789
