product,tpv,share
tap,5931369530.95,0.389054021510977
pos,5318335576.31,0.3488435230534193
link,2074601860.05,0.13607855529401336
pix,1882286497.61,0.12346408830368247
bank_slip,39025916.97,0.0025598118379078906
