anticipation_method,tpv,share
d1anticipation,843332161.76,0.8421701480643615
pix,136138919.27,0.13595133566311965
d0/nitro,21036197.5,0.021007212064951323
bank_slip,872506.42,0.0008713042075675268
